상태,피그마,key,en,lo,ko,th,비고
번역 완료,WEB 로그인,8-20 characters,8-20 characters,8-20 ຕົວອັກສອນ,,,
번역 완료,WEB 캘린더,"A problem occurred while calculating the route, so the route cannot be displayed.","A problem occurred while calculating the route, so the route cannot be displayed.","ບັນຫາເກີດຂຶ້ນໃນຂະນະຄິດໄລ່ເສັ້ນທາງ, ດັ່ງນັ້ນບໍ່ສາມາດສະແດງເສັ້ນທາງໄດ້.",,,
번역 완료,,Account holder,Account holder,ເຂົ້າຂອງບັນຊີ,,,
번역 완료,,Account information,Account information,ຂໍ້ມູນບັນຊີ,,,
번역 완료,,Account number,Account number,ເລກບັນຊີທະນາຄານ,,,
번역 완료,,Add,Add,ເພີ່ມ,,,
번역 완료,,Add driver,Add driver,ເພີ່ມຄົນຂັບ,,,
번역 완료,,Add vehicle,Add vehicle,ເພີ່ມພາຫະນະ,,,
번역 완료,WEB 캘린더,Admin ID,Admin ID,ເລກລະຫັດແອັດມິນ,,,
제거 필요,WEB 캘린더,Administrator mobile,Administrator mobile,ຜື້ ດແລລະບບມຖ,,,
제거 필요,WEB 캘린더,Administrator name,Administrator name,ຊື່ຜູ້ດູແລການຂົນສົ່ງ,,,
번역 완료,WEB 캘린더,All,All,ທັງໝົດ,,,
번역 완료,WEB 캘린더,Amount,Amount,ມູນຄ່າ,,,
번역 완료,WEB 캘린더,Apply,Apply,ສະໝັກ,,นำมาใช้,
번역 완료,WEB 캘린더,APR,APR,ເດືອນເມສາ,,,
번역 완료,WEB 캘린더,Are you sure you want to cancel?,Are you sure you want to cancel?,ທ່ານແນ່ໃຈແລ້ວບໍ່ວ່າທ່ານຕ້ອງການຍົກເລີກ?,,,
번역 완료,WEB 캘린더,Are you sure you want to change the invoice status? You can’t undo this action,Are you sure you want to change the invoice status? You can’t undo this action,ເຈົ້າແນ່ໃຈແລ້ວບໍທີ່ຈະປ່ຽນສະຖານະໃບບິນ? ເຈົ້າບໍ່ສາມາດຍົກເລີກການກະທຳນີ້ໄດ້,,,
제거 필요,WEB 캘린더,Are you sure you want to change the order status? You can’t undo this action,Are you sure you want to change the order status? You can’t undo this action,ທ່ານແນ່ໃຈບໍ່ວ່າຕ້ອງການປ່ຽນ ສະຖານະຄໍາສັ່ງຂົນສົ່ງ? ປ່ຽນແລ້ວ ທ່ານບໍ່ສາມາດກັບຄືນໄດ້ :(,,,
번역 완료,,Are you sure you want to delete the driver?,Are you sure you want to delete the driver?,ທ່ານໝັ້ນໃຈບໍ່ວ່າຕ້ອງການລຶບຄົນຂັບ?,,,
번역 완료,,Are you sure you want to delete the invoice?,Are you sure you want to delete the invoice?,ເຈົ້າແນ່ໃຈແລ້ວບໍ່ທີ່ຈະລຶບໃບບິນ?,,,
번역 완료,,Are you sure you want to delete the vehicle?,Are you sure you want to delete the vehicle?,ທ່ານໝັ້ນໃຈຫຼືບໍວ່າຕ້ອງການລົບຍານພາຫະນະ?,,,
번역 완료,WEB 로그인,"At least 2 types (A-Z, a-z, numbers, symbols)","At least 2 types (A-Z, a-z, numbers, symbols)","ຢ່າງໜ້ອຍ 2 ປະເພດ (A-Z, a-z, ຕົວເລກ, ສັນຍາລັກ)",,,
번역 완료,WEB 캘린더,AUG,AUG,ເດືອນສິງຫາ,,,
번역 완료,,Available,Available,ພ້ອມນຳໃຊ້,,,
번역 완료,,Bank name,Bank name,ຊື່ທະນາຄານ,,,
번역 완료,,Blue box,Blue box,ກ່ອງສີຟ້າ,,,
번역 완료,WEB 캘린더,Box,Box,ກ່ອງ,,,
번역 완료,,Box information has been changed.,Box information has been changed.,ລາຍລະອຽດຈຳນວນກ່ອງ,,,
제거 필요,WEB 캘린더,Branch address,Branch address,ທ່ ຢູ່ສາຂາ,,,
번역 완료,,Branch code,Branch code,ລະຫັ ດສາຂາ,,รหัสสาขา,
번역 완료,WEB 캘린더,"Branch code, name","Branch code, name","ລະຫັັດສາຂາ, ຊື່",,,
번역 완료,WEB 캘린더,Branch information,Branch information,ຂໍ້ມູນສາຂາ,,,
제거 필요,WEB 캘린더,Branch name,Branch name,ຊັ່ ສາຂາ,,,
번역 완료,WEB 로그인,Browser not supported,Browser not supported,ບໍ່່ຮອງຮັບບຣາວເຊີ,,,
번역 완료,WEB 캘린더,Cancel,Cancel,ຍົກເລີກ,,,
번역 완료,WEB 캘린더,Cancel dispatch,Cancel dispatch,ຍົກເລີກ ການຈັດຄິວສົ່ງ,,,
번역 완료,WEB 캘린더,Canceled,Canceled,ຍົກເລີກ,,ยกเลิก,
번역 완료,WEB 캘린더,Canceled (admin),Canceled (admin),ຍົກເລີກ (ແອດມິນ),,,
번역 완료,,Car,"Car ",ລົດຍົນ,,,
번역 완료,WEB 캘린더,Change,Change,ປ່ຽນແປງ,,,
번역 완료,,Change password,Change password,ປ່ຽນລະຫັດຜ່ານ,,,
번역 완료,WEB 캘린더,Change routes,Change routes,ປັ່ຽນເສັ ນທາງ,,,
번역 완료,WEB 캘린더,Change status,Change status,ປ່ຽນແປງສະຖານະ,,,
제거 필요,WEB 캘린더,Change the driver,Change the driver,ປັ່ ຽນຄນຂັ ບ,,,
번역 완료,WEB 캘린더,Change the truck,Change the truck,ປ່ຽນລົດບັນທຸກ,,,
번역 완료,,Change to,Change to,ປ່ຽນເປັນ,,,
번역 완료,,Change total box information,Change total box information,ປ່ຽນລາຍລະອຽດຈຳນວນກ່ອງທັງໝົດ,,,
번역 완료,WEB 캘린더,Client email,Client email,ອີເມວລູກຄ້າ,,,
번역 완료,WEB 캘린더,Client mobile,Client mobile,ເບີໂທຂອງລູກຄ້າ,,,
번역 완료,WEB 캘린더,Client name,Client name,ຊື່ ລູກຄ້າ,,,
번역 완료,WEB 캘린더,Close,Close,ປິດ,,,
번역 완료,,Color,Color,ສີ,,,
번역 완료,WEB 캘린더,Completed,Completed,ສຳເລັດແລ້ວ,,เสร็จสิ้น,
번역 완료,WEB 캘린더,Completed (admin),Completed (admin),ສຳເລັດ (ແອດມິນ),,,
번역 완료,WEB 캘린더,Completed date,Completed date,ວັນທີສໍາເລັດ,,,
번역 완료,,Completed order,Completed order,ຄໍາສັ່ງຂົນສົ່ງ ທີ່ສໍາເລັດ,,,
번역 완료,WEB 캘린더,Confirm,Confirm,ຢັ້ງຢືນ,,,
번역 완료,WEB 로그인,Confirm password,Confirm password,ຢັ້ງຢືນ ລະຫັດຜ່ານ,,,
번역 완료,WEB 캘린더,Copied the mobile number.,Copied the mobile number.,ສຳເນົາເບີໂທລະສັບແລ້ວ.,,,
번역 완료,WEB 로그인,Create a new password,Create a new password,ສ້າງລະຫັດຜ່ານໃໝ່ຂອງທ່ານ,,,
번역 완료,WEB 캘린더,Created date,Created date,ວັນທີສ້າງ,,วันที่สร้าง,
번역 완료,,Current password,Current password,ລະຫັດຜ່ານປັດຈຸບັນ,,,
번역 완료,,Current status,Current status,ສະຖານະປັດຈຸບັນ,,,
번역 완료,WEB 캘린더,DEC,DEC,ເດືອນທັນວາ,,,
,,Default infomation,Default infomation,,,,
번역 완료,,Default information,Default information,ຂໍ້ມູນເລີ່ມຕົ້ນ,,,
번역 완료,,Delete,Delete,ລົບ,,,
번역 완료,,Delete the driver,Delete the driver,ລົບຄົນຂັບ,,,
번역 완료,,Delete the invoice,Delete the invoice,ລຶບໃບບິນ,,,
번역 완료,,Delete the vehicle,Delete the vehicle,ລົບຍານພາຫະນະ,,,
번역 완료,WEB 캘린더,Delivery information,Delivery information,ຂໍ້ມູນການຈັດສົ່ງ,,,
번역 완료,WEB 캘린더,Delivery routes,Delivery routes,ເສັ ນທາງການຈັ ດສງ,,,
번역 완료,WEB 캘린더,Delivery routes (branch code),Delivery routes (branch code),ເສັ້ນທາງການຂົນສົ່ງ (ລະຫັດສາຂາ),,,
번역 완료,WEB 캘린더,Delivery type,Delivery type,ປະເພດການຈັດສົ່ງ,,ประเภทการจัดส่ง,
번역 완료,WEB 캘린더,Departed,Departed,ອອກເດີນທາງແລັວ.,,ออกไป,
번역 완료,WEB 캘린더,Describe reason for change,Describe reason for change,ກະລຸນາໃສ່ເຫດຜົນສໍາລັບການປ່ຽນແປງ,,,
번역 완료,,Diesel,Diesel,ກາຊວນ,,,
번역 완료,WEB 캘린더,Dispatch,Dispatch,ຈັດຄິວສົ່ງ,,จัดส่ง,
번역 완료,WEB 캘린더,Dispatch has been canceled.,Dispatch has been canceled.,ການຈັດຄິວຂົນສົ່ງ ໄດ້ຖືກຍົກເລີກແລ້ວ.,,,
번역 완료,WEB 캘린더,Dispatch has been completed.,Dispatch has been completed.,ການຈັດຄິວຂົນສົ່ງ ໄດ້ສຳເລັດແລ້ວ.,,,
번역 완료,WEB 캘린더,Dispatched,Dispatched,"ສົ່ງແລ້ວ ",,จัดส่งแล้ว,
번역 완료,WEB 로그인,Done,Done,ສຳເລັດແລ້ວ,,,
번역 완료,WEB 캘린더,Driver & Truck,Driver & Truck,ພະນັກງານຂັບລົດ ແລະ ລົດບັນທຸກ,,,
번역 완료,WEB 캘린더,Driver attachments,Driver attachments,ເອກະສານຕິດຂັດຄົນຂັບ,,,
번역 완료,,Driver details,Driver details,ລາຍລະອຽດ ຜູ້ຂັບລົດຂົນສົ່ງ,,,
번역 완료,,Driver has been added.,Driver has been added.,ຄົນຂັບຖືກເພິ່ມ,,,
번역 완료,WEB 캘린더,Driver has been changed.,Driver has been changed.,ຄົນຂັບໄດ້ມີການປ່ຽນແປງແລ້ວ,,,
번역 완료,,Driver has been deleted.,Driver has been deleted.,ຄົນຂັບຖືກລົບ,,,
번역 완료,WEB 캘린더,Driver history,Driver history,ປະຫວັດຄົນຂັບ,,,
번역 완료,WEB 캘린더,Driver info,Driver info,ຂໍ້ມູນຄົນຂັບ,,,
번역 완료,,Driver information has been changed.,Driver information has been changed.,ຂໍ້ມູນຄົນຂັບມີການປ່ຽນແປງ,,,
번역 완료,,Driver license,Driver license,ໃບຂັບຂີ່,,,
번역 완료,,Driver list,Driver list,ລາຍການຄົນຂັບ,,,
번역 완료,WEB 캘린더,Driver name,Driver name,ຊື່ຄົນຂັບລົດຂົນສົ່ງ,,,
번역 완료,WEB 캘린더,Drop-off,Drop-off,ສົ່ງເຄື່ອງລົງ,,,
번역 완료,,Drop-off branch address,Drop-off branch address,ທີຢູ່ຈຸດສົ່ງສາຂາ,,,
번역 완료,WEB 캘린더,Drop-off branch code,Drop-off branch code,ລະຫັດຈຸດສົ່ງສາຂາ,,,
번역 완료,WEB 캘린더,"Drop-off branch code, name","Drop-off branch code, name","ລະຫັດຈຸດສົ່ງສາຂາ, ຊື່",,"รหัสสาขาปลายทาง, ชื่อสาขาปลายทาง",
번역 완료,WEB 캘린더,Drop-off branch name,Drop-off branch name,ຊື່ຈຸດສົ່ງສາຂາ,,,
번역 완료,WEB 캘린더,Dry cargo,Dry cargo,ເຄື່ອງແຫ້ງ,,,
번역 완료,,Edit,Edit,ແກ້ໄຂ,,,
번역 완료,,Edit driver,Edit driver,ແກ້ໄຂຄົນຂັບ,,,
번역 완료,,Edit vehicle,Edit vehicle,ແກ້ໄຂຍານພາຫະນະ," ",,
번역 완료,,Electric,Electric,ໄຟຟ້າ,,,
번역 완료,WEB 로그인,Email,Email,ອີເມວ,,,
번역 완료,,Email / Password,Email / Password,ອີເມວ / ລະຫັດຜ່ານ,,,
번역 완료,,Engine number,Engine number,ເລກຈັກ,,,
번역 완료,,Enter confirm password,Enter confirm password,ໃສ່ລະຫັດຜ່ານ ເພື່ອຢັ້ງຢືນ,,,
번역 완료,,Enter current password,Enter current password,ໃສ່ລະຫັດຜ່ານປັດຈຸບັນ,,,
번역 완료,,Enter how you want to use the vehicle,Enter how you want to use the vehicle,ລະບຸວິທີທີ່ທ່ານຕ້ອງການໃຊ້ຍານພາຫະນະ,,,
번역 완료,,Enter new password,Enter new password,ໃສ່ລະຫັດຜ່ານໃໝ່,,,
번역 완료,,Enter the description,Enter the description,ໃສ່ຄຳອະທິບາຍ,,,
번역 완료,WEB 로그인,Enter the email of the account that you wish to reset the password for. We'll send you a verification code.,Enter the email of the account that you wish to reset the password for. We'll send you a verification code.,ໃສ່ອີເມວທີ່ທ່ານຕ້ອງການຊອກຫາລະຫັດຜ່ານ. ພວກເຮົາຈະສົ່ງລະຫັດໃຫ້ທ່ານເພື່ອຢັ້ງຢືນຕົວຕົນຂອງທ່ານ.,,,
번역 완료,,Enter the engine number,Enter the engine number,ປ້ອນເລກຈັກໃສ່,,,
번역 완료,,Enter the first name of driver,Enter the first name of driver,ໃສ່ຊື່ຂອງຜູ້ຂັບລົດ,,,
번역 완료,,Enter the frame number,Enter the frame number,ປ້ອນຕົວເລກຂອບໃສ່,,,
번역 완료,,Enter the last name of driver,Enter the last name of driver,ໃສ່ນາມສະກຸນຂອງຜູ້ຂັບລົດ,,,
번역 완료,WEB 캘린더,"Enter the name of driver ","Enter the name of driver ",ໃສ່ຊື່ຄົນຂັບລົດ,,,
번역 완료,,"Enter the operate, using by or note","Enter the operate, using by or note","ເຂົ້າສັ່ງການດຳເນີນການ, ການນຳໃຊ້ໂດຍ ຫຼື ບັນທຶກ",,,
번역 완료,,Enter the plate number,Enter the plate number,ໃສ່ເລກທະບຽນ,,,
번역 완료,,Enter the vehicle brand,Enter the vehicle brand,ໃສ່ຍີ່ຫໍ້ລົດ,,,
번역 완료,,Enter the vehicle color,Enter the vehicle color,ປ້ອນສີລົດໃສ່,,,
번역 완료,,Enter the vehicle gear,Enter the vehicle gear,ປ້ອນເກຍລົດໃສ່,,,
번역 완료,,Enter the vehicle ID number,Enter the vehicle ID number,ໃສ່ໝາຍເລກປະຈຳຕົວລົດ,,,
번역 완료,,Enter the vehicle model,Enter the vehicle model,ໃສ່ປະເພດຍານພາຫະນະ,,,
번역 완료,,Enter your name,Enter your name,ໃສ່ຊື່ຂອງທ່ານ,,,
번역 완료,WEB 로그인,Expiration time,Expiration time,ເວລາຫມົດອາຍຸ,,,
번역 완료,WEB 캘린더,FEB,FEB,ເດືອນກຸມພາ,,,
번역 완료,,"File format: jpg, jpeg, png, bmp, webp, pdf (Limit 5MB per file)","File format: jpg, jpeg, png, bmp, webp, pdf (Limit 5MB per file)","ຮູບແບບໄຟລ: jpg, jpeg, png, bmp, webp, pdf (ຈຳກັດຂະໜາດໄຟລລະ 5MB)",,,
번역 완료,,First name,First name,ຊື່,,,
번역 완료,,Forklift,Forklift,ລົດໂຟກລິບ,,,
번역 완료,WEB 캘린더,"From ","From ",ຈາກ,,,
번역 완료,WEB 캘린더,Frozen,Frozen,ເຄື່ື່ອງເຍັນ,,,
번역 완료,,Fuel type,Fuel type,ປະເພດເຊື້ອໄຟ,,,
번역 완료,,Gas,Gas,ແກັສ,,,
번역 완료,,Gear,Gear,ເກຍ,,,
번역 완료,WEB 로그인,Go home,Go home,ກັບໄປໜ້າຫຼັກ,,,
번역 완료,,Heavy truck,Heavy truck,ລົດບັນທຸກໜັກ,,,
번역 완료,WEB 캘린더,History,History,ປະຫວັດ,,,
번역 완료,WEB 로그인,ID and password,ID and password,ໄອດີ ແລະ ລະຫັດ,,,
번역 완료,WEB 캘린더,Image,Image,ຮູບພາບ,,,
제거 필요,WEB 캘린더,Import favorite routes,Import favorite routes,ນາເຂາຜັ່ ານເສັ ນທາງທມັ ກທສຸ ດ,,,
번역 완료,WEB 로그인,Incorrect email or password.,Incorrect email or password.,ອີເມວ ຫຼືລະຫັດຜ່ານບໍ່ຖືກຕ້ອງ.,,,
번역 완료,WEB 캘린더,Index,Index,ດັດສະນີ,,,
번역 완료,WEB 캘린더,Invoice details,Invoice details,ລາຍລະອຽດໃບບິນ,,,
번역 완료,WEB 캘린더,Invoice information,Invoice information,ຂໍ້ມູນໃບບິນ,,,
번역 완료,WEB 캘린더,Invoice list,Invoice list,ລາຍການໃບບິນ,,,
번역 완료,WEB 캘린더,Invoice management,Invoice management,ການຈັດການໃບບິນ,,การจัดการใบแจ้งหนี้,
번역 완료,WEB 캘린더,Invoice No.,Invoice No.,ໃບບິນເລກທີ,,รหัสใบแจ้งหนี้,
번역 완료,WEB 캘린더,Invoice number,Invoice number,ເລກທີໃບບິນ,,,
번역 완료,,Is not a current password,Is not a current password,ບໍ່ແມ່ນລະຫັດປັດຈຸບັນ,,,
번역 완료,WEB 캘린더,Item information,Item information,ຂໍ້ມູນລາຍການ,,,
번역 완료,WEB 캘린더,JAN,JAN,ເດືອນມັງກອນ,,,
번역 완료,WEB 캘린더,JUL,JUL,ເດືອນກໍລະກົດ,,,
번역 완료,WEB 캘린더,JUN,JUN,ເດືອນມິຖຸນາ,,,
번역 완료,,Keep your account safe by regularly changing the password.,Keep your account safe by regularly changing the password.,ຮັກສາບັນຊີຂອງທ່ານໃຫ້ປອດໄພ ດ້ວຍການປ່ຽນລະຫັດຜ່ານເປັນປະຈຳ.,,,
번역 완료,WEB 캘린더,KOKKOK Zap,KOKKOK Zap,ກັອກໆແຊບ,,,
번역 완료,,Last name,Last name,ນາມສະກຸນ,,,
번역 완료,,Last shipping on,Last shipping on,ການຈັດສົ່ງລ້າສຸດ,,,
번역 완료,WEB 캘린더,Latest updated,Latest updated,ອັບເດດຫຼ້າສຸດ,,,
번역 완료,WEB 캘린더,List,List,ລາຍການ,,รายการ,
번역 완료,,Location,Location,ສະຖານທີ່,,,
번역 완료,,Login ID,Login ID,ລົງຊື່ໄອດີ ເຂົ້າລະບົບ,,,
번역 완료,WEB 캘린더,Manager attachments,Manager attachments,ເອກະສານຕິດຂັດຜູ້ຈັດການ,,,
번역 완료,WEB 캘린더,MAR,MAR,ເດືອນມີນາ,,,
번역 완료,WEB 캘린더,MAY,MAY,ເດືອນພຶດສະພາ,,,
번역 완료,,MC,MC,MC,,,
번역 완료,WEB 캘린더,Memo,Memo,ຂໍ້ຄວາມບັນທຶກ,,,
번역 완료,,Mobile number,Mobile number,ເບີໂທລະສັບມືຖື,,,
번역 완료,WEB 캘린더,Modified date,Modified date,ວັນທີ ແກ້ໄຂ,,,
번역 완료,,My account,My account,ບັນຊີຂອງຂ້ອຍ,,,
번역 완료,,Name,Name,ຊື່,,,
번역 완료,,Need repair,Need repair,ຈຳເປັນຕ້ອງສ້ອມແປງ,,,
번역 완료,WEB 로그인,New password,New password,ລະຫັດຜ່ານໃໝ່,,,
번역 완료,WEB 로그인,Next,Next,ຕໍ່ໄປ,,,
번역 완료,WEB 캘린더,No results found,No results found,ບໍ່ພົບຜົນການຄົ້ນຫາ,,,
번역 완료,,Note,Note,ໝາຍເຫດ,,,
번역 완료,WEB 캘린더,NOV,NOV,ເດືອນພະຈິກ,,,
번역 완료,,Numbers only,Numbers only,ຕົວເລກເທົ່ານັ້ນ,,,
번역 완료,WEB 캘린더,OCT,OCT,ເດືອນຕຸລາ,,,
번역 완료,,On duty,On duty,ກຳລັງປະຕິບັດໜ້າທີ່,,,
번역 완료,WEB 캘린더,Order details,Order details,ລາຍລະອຽດ ຄຳສັ່ງຂົນສົ່ງ,,,
,,Order management,Order management,ການຈັ ດການໍາາສັ ງຊ,,,
번역 완료,WEB 캘린더,Order number,Order number,ເລກທີ ຄຳສັ່ງຂົນສົ່ງ,,,
번역 완료,,Other box,Other box,ກ່ອງອື່ນໆ,,,
번역 완료,WEB 캘린더,Pack,Pack,ແພັກ,,,
번역 완료,WEB 캘린더,Package,Package,ພັດສະດຸ,,,
번역 완료,WEB 로그인,Page not found,Page not found,ບໍ່ເຫັນໜ້ານີ້,,,
번역 완료,WEB 로그인,Password,Password,ລະຫັດຜ່ານ,,,
번역 완료,WEB 로그인,Password has been changed.,Password has been changed.,ລະຫັດຜ່ານ ມີການປ່ຽນແປງ.,,,
번역 완료,WEB 로그인,Password matches,Password matches,ລະຫັດຜ່ານກົງກັນ,,,
번역 완료,WEB 캘린더,Pick-up,Pick-up,ຮັບເຄື່ອງ,,,
번역 완료,WEB 캘린더,Pick-up branch address,Pick-up branch address,ທີ່ຢູ່ຈຸດຮັບສາຂາ,,,
번역 완료,WEB 캘린더,Pick-up branch code,Pick-up branch code,ລະຫັດຈຸດຮັບສາຂາ,,,
번역 완료,WEB 캘린더,"Pick-up branch code, name","Pick-up branch code, name","ລະຫັດຈຸດຮັບສາຂາ, ຊື່",,"รหัสสาขาจุดรับ, ชื่อสาขาจุดรับ",
번역 완료,WEB 캘린더,Pick-up branch name,Pick-up branch name,ຊື່ຈຸດຮັບສາຂາ,,,
번역 완료,WEB 캘린더,Plate number,Plate number,ເລກປ້າຍລົດ,,,
번역 완료,WEB 캘린더,Please apply the filter to search,Please apply the filter to search,ກະລຸນານຳໃຊ້ຕົວກອງເພື່ອຄົ້ນຫ,,,
번역 완료,WEB 캘린더,Please edit route by drag and drop.,Please edit route by drag and drop.,ກະລຸນາດັດແປງເສັ້ນທາງໂດຍການລາກ ແລະ ວາງ,,,
번역 완료,WEB 로그인,Please enter a valid email address.,Please enter a valid email address.,ກະລຸນາໃສ່ທີ່ຢູ່ອີເມວທີ່ຖືກຕ້ອງ.,,,
번역 완료,WEB 로그인,Please enter email address.,Please enter email address.,ກະລຸນາໃສ່ທີ່ຢູ່ອີເມວຂອງທ່ານ.,,,
번역 완료,,Please fill out this field.,Please fill out this field.,ກະລຸນາຕື່ມຂໍ້ມູນໃສ່ໃນຊ່ອງນີ້.,,,
제거 필요,WEB 캘린더,Please select favorite routes from list.,Please select favorite routes from list.,ກະລຸ ນາເລອກເສັ ນທາງທມັ ກທສຸ ດຈາກລາຍການ.,,,
번역 완료,WEB 캘린더,Please select the driver and truck to dispatch.,Please select the driver and truck to dispatch.,ກະລຸ ນາເລອກຄນຂັ ບ ແລະ ລດບັ ນທຸ ກທັ່ ຈະສັ່ ງ.,,,
제거 필요,WEB 캘린더,Please set delivery route from list.,Please set delivery route from list.,ກະລຸ ນາການດເສັ ນທາງການຈັ ດສງຈາກລາຍການ.,,,
번역 완료,WEB 캘린더,Product name,Product name,ຊື່ສິນຄ້າ,,,
번역 완료,,Profile,Profile,ໂປຣໄຟລ໌,,,
번역 완료,,Profile picture,Profile picture,ຮູບ ໂປຣໄຟລ໌,,,
번역 완료,,Property,Property,ຄຸນສົມບັດ,,,
제거 필요,WEB 캘린더,Quantity,Quantity,ປະລິມານ,,,
번역 완료,WEB 캘린더,Reason,Reason,ເຫດຜົນ,,,
번역 완료,,Red/Black,Red/Black,ສີແດງ/ສີດຳ,,,
번역 완료,,Red/White,Red/White,ສີແດງ/ສີຂາວ,,,
번역 완료,WEB 캘린더,Ref SO.,Ref SO.,Ref SO.,,หมายเลขคำสั่งซื้อ,
번역 완료,,Repaired,Repaired,ສ້ອມແປງສຳເລັດ,,,
번역 완료,,Repairing,Repairing,ກຳລັງສ້ອມແປງ,,,
번역 완료,WEB 캘린더,Requested,Requested,ຮ້ອງຂໍແລ້ວ,,ที่ร้องขอ,
번역 완료,WEB 캘린더,Reset,Reset,ຣີເຊັດ,,รีเซ็ต,
번역 완료,WEB 로그인,Reset password,Reset password,ຕັ້ງລະຫັດຜ່ານໃຫມ່,,,
번역 완료,WEB 캘린더,Route,Route,ເສັ້ນທາງ,,,
번역 완료,WEB 캘린더,Routes details,Routes details,ລາຍລະອຽດເສັ້ນທາງ,,,
제거 필요,WEB 캘린더,Search by branch code,Search by branch code,ຄື້ ນຫາຕາມລະຫັ ດສາຂາ,,,
번역 완료,WEB 캘린더,Search by branch code (drop-off),Search by branch code (drop-off),ຄົ້ນຫາໂດຍລະຫັດສາຂາ (ຈຸດສົ່ງ),,ค้นหาด้วยรหัสสาขา (ปลายทาง),
번역 완료,WEB 캘린더,Search by plate number,Search by plate number,ຄົ້ນຫາໂດຍເລກທະບຽນ,,,
번역 완료,WEB 캘린더,Search driver name,Search driver name,ຄົ້ນຫາ ຊື່ຄົນຂັບລົດຂົນສົ່ງ,,,
번역 완료,WEB 캘린더,Select,Select,ເລືອກ,,,
제거 필요,WEB 캘린더,Select delivery routes,Select delivery routes,ເລອກເສັ ນທາງການຈັ ດສງ,,,
번역 완료,,Select fuel type,Select fuel type,ເລືອກຊະນິດເຊື້ອໄຟ,,,
번역 완료,WEB 캘린더,Select the date,Select the date,ເລືອກວັນທີ,,,
번역 완료,WEB 캘린더,Select the delivery type,Select the delivery type,ເລືອກປະເພດການຂົນສົ່ງ,,เลือกประเภทการจัดส่ง,
번역 완료,WEB 캘린더,Select the driver and truck,Select the driver and truck,ເລືອກຄົນຂັບ ແລະ ລົດບັນທຸກ,,,
번역 완료,WEB 캘린더,Select the driver and truck to dispatch.,Select the driver and truck to dispatch.,ເລືອກຄົນຂັບ ແລະ ລົດບັນທຸກທີ່ຈະສັ່ງ.,,,
번역 완료,WEB 캘린더,Select the invoice.,Select the invoice.,ເລືອກໃບບິນ,,,
제거 필요,WEB 캘린더,Select the route or favorite routes.,Select the route or favorite routes.,ເລອກເສັ ນທາງ ຫ ເສັ ນທາງທມັ ກທສຸ ດ.,,,
번역 완료,,Select vehicle type,Select vehicle type,ກະລຸນາເລືອກປະເພດຍານພາຫະນະ.,,,
번역 완료,WEB 캘린더,Selected,Selected,ເລືອກແລ້ວ,,,
번역 완료,WEB 캘린더,SEP,SEP,ເດືອນກັນຍາ,,,
번역 완료,,Settings,Settings,ການຕັ້ງຄ່າ,,,
번역 완료,WEB 로그인,Sign in,Sign in,ເຂົ້າສູ່ລະບົບ,,,
번역 완료,WEB 로그인,Sign out,Sign out,ອອກຈາກລະບົບ,,,
번역 완료,WEB 캘린더,Signature,Signature,ລາຍເຊັນ,,,
번역 완료,,Silver,Silver,ສີປອນເງິນ,,,
,WEB 로그인,"Sorry for the inconvenience but we're performing some maintenane at the moment.  we'll be back online shortly.
Thank you.","Sorry for the inconvenience but we're performing some maintenane at the moment.  we'll be back online shortly.
Thank you.",ຂໍອະໄພໃນຄວາມບໍ່ສະດວກ ພວກເຮົາກໍາລັງເລັ່ງດໍາເນີນການຈະກັບມາອອນລາຍໃນໄວໆນີ້.,,,
번역 완료,WEB 로그인,"Sorry for the inconvenience but we're performing some maintenane at the moment.  we'll be back online shortly.
Thank you.","Sorry for the inconvenience but we're performing some maintenane at the moment.  we'll be back online shortly.
Thank you.",ขออภัยในความไม่สะดวก แต่เรากำลังดำเนินการบำรุงรักษาบางอย่างในขณะนี้ เราจะกลับมาออนไลน์อีกครั้งเร็วๆ นี้,,,
번역 완료,,Specification,Specification,ຂໍ້ມູນສະເພາະ,,,
번역 완료,WEB 캘린더,Status,Status,ສະຖານະ,,,
번역 완료,WEB 캘린더,Status has been changed.,Status has been changed.,ສະຖານະມີການປ່ຽນແປງ,,,
번역 완료,WEB 캘린더,Status history,Status history,ປະຫວັດສະຖານະ,,,
번역 완료,,SVK,SVK,SVK,,,
번역 완료,,The account information has been changed.,The account information has been changed.,ຂໍ້ມູນບັນຊີ ໄດ້ຖືກປ່ຽນແປງແລ້ວ.,,,
번역 완료,,The file cannot exceed more than 5MB per file.,The file cannot exceed more than 5MB per file.,ໄຟລຕ້ອງມີຂະໜາດບໍ່ເກີນ 5MB ໄຟລ,,,
,,The file cannot exceed more than 5MB.,The file cannot exceed more than 5MB.,ໄຟລ໌ຕ້ອງມີຂະໜາດບໍ່ເກີນ 5MB.,,,
번역 완료,,The invoice has been deleted.,The invoice has been deleted.,ໃບບິນໄດ້ຖືກລຶບແລ້ວ,,,
번역 완료,WEB 로그인,"The requested page could not be found.
Please check that the address on the page you entered is correct","The requested page could not be found.
Please check that the address on the page you entered is correct",ບໍ່ສາມາດຊອກຫາໜ້າທີ່ຮ້ອງຂໍໄດ້. ກະລຸນາກວດເບິ່ງວ່າທີ່ຢູ່ໃນໜ້າທີ່ທ່ານລະບຸນັ້ນຖືກຕ້ອງ,,,
번역 완료,WEB 로그인,The requested page could not be found.Please check that the address on the page you entered is correct,The requested page could not be found.Please check that the address on the page you entered is correct,ບໍ່ສາມາດຊອກຫາໜ້າທີ່ຮ້ອງຂໍໄດ້. ກະລຸນາກວດເບິ່ງວ່າທີ່ຢູ່ໃນໜ້າທີ່ທ່ານລະບຸນັ້ນຖືກຕ້ອງ,,,
번역 완료,WEB 캘린더,"The route cannot be displayed because it exceeds 2,000 km.","The route cannot be displayed because it exceeds 2,000 km.","ເສັ້ນທາງດັ່ງກ່າວບໍ່ສາມາດໃຫ້ບໍລິການໄດ້ ເນື່ອງຈາກໄລຍະທາງເກີນ 2,000 ກິໂລແມັດ.",,,
번역 완료,WEB 캘린더,The route setting is not available.,The route setting is not available.,ການຕັ້ງຄ່າເສັ້ນທາງບໍ່ສະດວກ,,,
번역 완료,WEB 캘린더,The routes has been edited successfully.,The routes has been edited successfully.,ແກື້ໄຂເສັ ນທາງຮຽບຮື້ອຍແລື້ວ.,,,
번역 완료,,The vehicle has been added successfully.,The vehicle has been added successfully.,ພາຫະນະໄດ້ຖືກເພີ່ມເຂົ້າສໍາເລັດແລ້ວ.,,,
번역 완료,,The vehicle information has been changed.,The vehicle information has been changed.,ຂໍ້ມູນຍານພາຫະນະມີການປ່ຽນແປງ.,,,
번역 완료,WEB 로그인,The verification code is incorrect.,The verification code is incorrect.,ລະຫັດຢືນຢັນບໍ່ຖືກຕ້ອງ.,,,
번역 완료,,This login ID is already registered.,This login ID is already registered.,ລະຫັດID ນີ້ໄດ້ຖືກລົງທະບຽນແລ້ວ.,,,
번역 완료,WEB 캘린더,To,To,ເຖິງ,,,
번역 완료,WEB 캘린더,Today,Today,ມື້ນີ້,,,
번역 완료,,Total box information,Total box information,ລາຍລະອຽດຈຳນວນກ່ອງທັງໝົດ,,,
번역 완료,WEB 캘린더,Total price,Total price,ລາຄາລວມ,,,
번역 완료,,TP to J-Mart,TP to J-Mart,ສາງທົ່ງປົ່ງ ໄປ ເຈມາກ,,,
번역 완료,WEB 캘린더,TP to PSN,TP to PSN,ສາງທົ່ງປົ່ງ ໄປ ໂພນສີນວນ,,,
번역 완료,,Tractor 10T,Tractor 10T,ແທັກເຕີ 10 ໂຕນ,,,
번역 완료,,Trailer 10T,Trailer 10T,ລົດລາກ 10 ໂຕນ,,,
번역 완료,,Truck (Carrier) 5T,Truck (Carrier) 5T,ລົດບັນທຸກ (ບັນທຸກ) 5 ໂຕນ,,,
번역 완료,WEB 캘린더,Truck has been changed.,Truck has been changed.,ລົດບັນທຸກໄດ້ມີການປ່ຽນແປງແລ້ວ,,,
번역 완료,WEB 캘린더,Truck history,Truck history,ປະຫວັດລົດບັນທຸກ,,,
번역 완료,WEB 캘린더,Truck info,Truck info,ຂໍ້ມູນລົດບັນທຸກ,,,
번역 완료,WEB 캘린더,Type,Type,ປະເພດ,,,
번역 완료,,Unable to process your request due to shipping schedule exists.,Unable to process your request due to shipping schedule exists.,ບໍ່ສາມາດດຳເນີນການຕາມຄຳຮ້ອງຂໍຂອງທ່ານໄດ້ເນື່ອງຈາກມການດການຈັດສັ່ງ,,,
번역 완료,,Unavailable,Unavailable,ບໍ່ສາມາດໃຊ້ໄດ້,,,
번역 완료,WEB 캘린더,Unit,Unit,ອັນ,,,
번역 완료,WEB 캘린더,Update,Update,ອັບເດດ,,,
번역 완료,,Using for,Using for,ນຳໃຊ້ສຳຫຼັບ,,,
번역 완료,,"Vehicle brand ","Vehicle brand ",ຍີ່ຫໍ້ລົດ,,,
번역 완료,,Vehicle details,Vehicle details,ລາຍລະອຽດລົດ,,,
번역 완료,,Vehicle has been deleted.,Vehicle has been deleted.,ຍານພາຫະນະຖກລຶ ບ.,,,
번역 완료,,Vehicle Id Number,Vehicle Id Number,ເລກຖັງລົດ,,,
번역 완료,,Vehicle information,Vehicle information,ຂໍ້ມູນຍານພາຫະນະ,,,
번역 완료,,Vehicle list,Vehicle list,ລາຍການລົດ,,,
번역 완료,,Vehicle model,Vehicle model,ລຸ້ນລົດ,,,
번역 완료,,Vehicle photo,Vehicle photo,ຮູບພາບຍານພາຫະນະ,,,
번역 완료,,Vehicle photo (Optional),Vehicle photo (Optional),ຮູບພາບຍານພາຫະນະ (ບໍ່ບັງຄັບ),,,
번역 완료,,Vehicle type,Vehicle type,ປະເພດຍານພາຫະນະ,,,
번역 완료,WEB 로그인,Verification code,Verification code,ລະຫັດຢືນຢັນ,,,
번역 완료,WEB 로그인,Verify,Verify,ຢືນຢັນ,,,
번역 완료,,VTE,VTE,VTE,,,
제거 필요,WEB 캘린더,Warehouse,Warehouse,ສາງສິ ນຄື້າ,,,
번역 완료,WEB 로그인,Website maintenance notice,Website maintenance notice,ແຈ້ງການບໍາລຸງຮັກສາເວັບໄຊທ໌,,,
번역 완료,,White,White,ສີຂາວ,,,
번역 완료,,Year,Year,ປີ,,,
번역 완료,,Yellow,Yellow,ສີເຫືອງ,,,
번역 완료,WEB 로그인,You cannot request for more verification code. Please try again later.,You cannot request for more verification code. Please try again later.,ບັນຊີໄດ້ຖືກລັອກເນື່ອງຈາກມີຄໍາຮ້ອງຂໍລະຫັດຢືນຢັນຫຼາຍຄັ້ງ. ກະລຸນາລອງໃໝ່ໃນພາຍຫຼັງ.,,,
번역 완료,WEB 로그인,"You’re using a web browser we don’t support.
Please use one of these options to improve your experience.","You’re using a web browser we don’t support.
Please use one of these options to improve your experience.",ທ່ານກໍາລັງໃຊ້ເວັບບຣາວເຊີທີ່ພວກເຮົາບໍ່ຮອງຮັບ. ກະລຸນາໃຊ້ຫນຶ່ງໃນທາງເລືອກເຫຼົ່ານີ້ເພື່ອປັບປຸງປະສົບການຂອງທ່ານ.,,,
번역 완료,WEB 로그인,You’re using a web browser we don’t support.Please use one of these options to improve your experience.,You’re using a web browser we don’t support.Please use one of these options to improve your experience.,ທ່ານກໍາລັງໃຊ້ເວັບບຣາວເຊີທີ່ພວກເຮົາບໍ່ຮອງຮັບ. ກະລຸນາໃຊ້ຫນຶ່ງໃນທາງເລືອກເຫຼົ່ານີ້ເພື່ອປັບປຸງປະສົບການຂອງທ່ານ.,,,